Model	#pos	#neg	AUROC	AP	Rc|FPR1e-1	Rc|FPR1e-2	Rc|FPR1e-3
bass-model1	143.0	2411.0	0.9455090740864278	0.7989339993958078	0.8811188811188811	0.7132867132867133	0.5034965034965035
bass-model2	143.0	2411.0	0.9270476516432552	0.7846805608873312	0.8181818181818182	0.7202797202797203	0.5874125874125874
bass-model3	143.0	2411.0	0.916933750612722	0.7762726095654651	0.8111888111888111	0.7132867132867133	0.5664335664335665
bass-model4	143.0	2411.0	0.9448361675653256	0.7845882351946136	0.8531468531468531	0.7202797202797203	0.45454545454545453
bass-model5	143.0	2411.0	0.9651886893695272	0.8259923578706662	0.8881118881118881	0.7272727272727273	0.5174825174825175
bass-model6	143.0	2411.0	0.9467069637123556	0.8003820777465187	0.8601398601398601	0.6853146853146853	0.5174825174825175
bass-model-avg	143.0	2411.0	0.941037049498269	0.7951416401100672	0.8519813519813519	0.7132867132867133	0.5244755244755245
bass-modelcomb123456	143.0	2411.0	0.9635035226076288	0.8520406637231221	0.8811188811188811	0.7692307692307693	0.6293706293706294
