Model	#pos	#neg	AUROC	AP	Rc|FPR1e-1	Rc|FPR1e-2	Rc|FPR1e-3
bass-model1	65.0	2411.0	0.9778259898541939	0.7037138529720105	0.9692307692307692	0.6307692307692307	0.38461538461538464
bass-model2	65.0	2411.0	0.9792042880387966	0.7000564801393937	0.9384615384615385	0.6615384615384615	0.38461538461538464
bass-model3	65.0	2411.0	0.9699262993331844	0.6293710718339978	0.9230769230769231	0.5538461538461539	0.35384615384615387
bass-model4	65.0	2411.0	0.9616884152761382	0.5550944620183261	0.8769230769230769	0.5384615384615384	0.12307692307692308
bass-model5	65.0	2411.0	0.9677184698337747	0.6744890404700329	0.9384615384615385	0.5692307692307692	0.4
bass-model6	65.0	2411.0	0.9810547809718279	0.8156603341572942	0.9538461538461539	0.8153846153846154	0.47692307692307695
bass-model-avg	65.0	2411.0	0.9729030405513194	0.6797308735985093	0.9333333333333332	0.6282051282051282	0.35384615384615387
bass-modelcomb123456	65.0	2411.0	0.9851386274447246	0.802320161192513	0.9692307692307692	0.7692307692307693	0.4307692307692308
