Model	#pos	#neg	AUROC	AP	Rc|FPR1e-1	Rc|FPR1e-2	Rc|FPR1e-3
bass-model1	44.0	2411.0	0.9388974774706836	0.6469948573038745	0.8636363636363636	0.6363636363636364	0.4318181818181818
bass-model2	44.0	2411.0	0.9356076316880962	0.5869163496115501	0.8181818181818182	0.5454545454545454	0.4318181818181818
bass-model3	44.0	2411.0	0.9379925342181668	0.6096472086469169	0.8636363636363636	0.5681818181818182	0.4090909090909091
bass-model4	44.0	2411.0	0.9281324233626183	0.5530515284435151	0.8181818181818182	0.5909090909090909	0.25
bass-model5	44.0	2411.0	0.9323649183665774	0.6133180726285057	0.8636363636363636	0.5454545454545454	0.4772727272727273
bass-model6	44.0	2411.0	0.9326005806719203	0.645105795667076	0.8409090909090909	0.5909090909090909	0.5
bass-model-avg	44.0	2411.0	0.9342659276296771	0.6091723020502399	0.8446969696969697	0.5795454545454545	0.4166666666666667
bass-modelcomb123456	44.0	2411.0	0.9452792126993703	0.6858603251434057	0.8636363636363636	0.6590909090909091	0.5227272727272727
