Model	#pos	#neg	AUROC	AP	Rc|FPR1e-1	Rc|FPR1e-2	Rc|FPR1e-3
bass-model1	54.0	2411.0	0.9149884019232837	0.39635108144415665	0.7407407407407407	0.4074074074074074	0.14814814814814814
bass-model2	54.0	2411.0	0.9058558766148977	0.4718947660019653	0.7592592592592593	0.4074074074074074	0.3333333333333333
bass-model3	54.0	2411.0	0.8999953914926955	0.44687972480427	0.7222222222222222	0.4074074074074074	0.25925925925925924
bass-model4	54.0	2411.0	0.9197428452924098	0.33230161131628927	0.7407407407407407	0.4074074074074074	0.05555555555555555
bass-model5	54.0	2411.0	0.9350661320798194	0.3730822734161767	0.7777777777777778	0.2962962962962963	0.12962962962962962
bass-model6	54.0	2411.0	0.9301887951825737	0.5374667151469719	0.8148148148148148	0.5	0.2962962962962963
bass-model-avg	54.0	2411.0	0.9176395737642798	0.42632936202163824	0.7592592592592592	0.40432098765432095	0.20370370370370372
bass-modelcomb123456	54.0	2411.0	0.9531237998678894	0.56367823956966	0.8518518518518519	0.5185185185185185	0.3148148148148148
