Model	#pos	#neg	AUROC	AP	Rc|FPR1e-1	Rc|FPR1e-2	Rc|FPR1e-3
bass-model1	67.0	2411.0	0.8711997870456923	0.3974716075046148	0.6865671641791045	0.3582089552238806	0.19402985074626866
bass-model2	67.0	2411.0	0.8392937840866179	0.4330617039812868	0.6865671641791045	0.40298507462686567	0.23880597014925373
bass-model3	67.0	2411.0	0.8765793595275386	0.4575981395051223	0.6716417910447762	0.417910447761194	0.26865671641791045
bass-model4	67.0	2411.0	0.852807715879334	0.36075936186719615	0.6268656716417911	0.3582089552238806	0.08955223880597014
bass-model5	67.0	2411.0	0.9217269108625268	0.42034056883216625	0.7611940298507462	0.31343283582089554	0.16417910447761194
bass-model6	67.0	2411.0	0.896048583296706	0.5940315826992358	0.7611940298507462	0.5671641791044776	0.31343283582089554
bass-model-avg	67.0	2411.0	0.8762760234497359	0.44387716073160366	0.6990049751243781	0.40298507462686567	0.21144278606965175
bass-modelcomb123456	67.0	2411.0	0.9165454354110822	0.5839964609322754	0.7910447761194029	0.5373134328358209	0.26865671641791045
