Model	#pos	#neg	AUROC	AP	Rc|FPR1e-1	Rc|FPR1e-2	Rc|FPR1e-3	Rc|FPR1e-4	Rc|FPR1e-5
bass-model1	181.0	437236.0	0.9885885425719749	0.39860130767596585	0.9558011049723757	0.8342541436464088	0.574585635359116	0.3425414364640884	0.1270718232044199
bass-model2	181.0	437236.0	0.989291849366758	0.455693828543098	0.9723756906077348	0.7955801104972375	0.6077348066298343	0.430939226519337	0.143646408839779
bass-model3	181.0	437236.0	0.9852712385270627	0.4151500914386445	0.9613259668508287	0.7513812154696132	0.574585635359116	0.3812154696132597	0.16574585635359115
bass-model4	181.0	437236.0	0.9936668461130187	0.36146460399952174	0.994475138121547	0.8342541436464088	0.6022099447513812	0.3259668508287293	0.09392265193370165
bass-model5	181.0	437236.0	0.9945399854606504	0.46604608139325016	0.988950276243094	0.8839779005524862	0.6629834254143646	0.4088397790055249	0.143646408839779
bass-model6	181.0	437236.0	0.9917211605864241	0.3111158823859863	0.9834254143646409	0.8287292817679558	0.4696132596685083	0.30386740331491713	0.10497237569060773
bass-model-avg	181.0	437236.0	0.9905132704376481	0.4013452992394111	0.9760589318600368	0.8213627992633518	0.58195211786372	0.36556169429097607	0.12983425414364638
bass-modelcomb123456	181.0	437236.0	0.9954923138718365	0.5065083117166694	0.994475138121547	0.8784530386740331	0.6906077348066298	0.4419889502762431	0.19889502762430938
