Model	#pos	#neg	AUROC	AP	Rc|FPR1e-1	Rc|FPR1e-2	Rc|FPR1e-3	Rc|FPR1e-4	Rc|FPR1e-5
bass-model1	143.0	437236.0	0.9920469571504711	0.4773022522699005	0.9790209790209791	0.8601398601398601	0.6783216783216783	0.46153846153846156	0.2517482517482518
bass-model2	143.0	437236.0	0.989658207019083	0.5602893007001845	0.972027972027972	0.8041958041958042	0.6853146853146853	0.5384615384615384	0.3146853146853147
bass-model3	143.0	437236.0	0.9875635484368526	0.5070131077954025	0.958041958041958	0.8111888111888111	0.6923076923076923	0.46153846153846156	0.2517482517482518
bass-model4	143.0	437236.0	0.992250284639292	0.5287386268993635	0.986013986013986	0.8251748251748252	0.6993006993006993	0.5174825174825175	0.2727272727272727
bass-model5	143.0	437236.0	0.9935364313663447	0.5099479933557425	0.993006993006993	0.8741258741258742	0.7272727272727273	0.45454545454545453	0.21678321678321677
bass-model6	143.0	437236.0	0.9939933864267634	0.47617844212046967	0.993006993006993	0.8601398601398601	0.6293706293706294	0.46853146853146854	0.20279720279720279
bass-model-avg	143.0	437236.0	0.9915081358398011	0.5099116205235105	0.9801864801864802	0.8391608391608392	0.6853146853146853	0.48368298368298374	0.2517482517482517
bass-modelcomb123456	143.0	437236.0	0.9943302450415314	0.5949232553686461	0.986013986013986	0.8671328671328671	0.7342657342657343	0.5524475524475524	0.27972027972027974
