Model	#pos	#neg	AUROC	AP	Rc|FPR1e-1	Rc|FPR1e-2	Rc|FPR1e-3	Rc|FPR1e-4	Rc|FPR1e-5
bass-model1	78.0	437236.0	0.9681628984734173	0.04355724005870082	0.9487179487179487	0.47435897435897434	0.23076923076923078	0.0641025641025641	0.02564102564102564
bass-model2	78.0	437236.0	0.952308247074689	0.04174546655724708	0.8589743589743589	0.5128205128205128	0.2692307692307692	0.08974358974358974	0.0
bass-model3	78.0	437236.0	0.9641516574631642	0.08670820681308748	0.8974358974358975	0.5641025641025641	0.34615384615384615	0.15384615384615385	0.0641025641025641
bass-model4	78.0	437236.0	0.9741739396268072	0.02380491210044834	0.9102564102564102	0.6153846153846154	0.23076923076923078	0.02564102564102564	0.0
bass-model5	78.0	437236.0	0.9820791347558357	0.03816815455696797	0.9871794871794872	0.6410256410256411	0.3076923076923077	0.038461538461538464	0.0
bass-model6	78.0	437236.0	0.9714965437898819	0.05649808956122109	0.8974358974358975	0.6410256410256411	0.3076923076923077	0.08974358974358974	0.01282051282051282
bass-model-avg	78.0	437236.0	0.9687287368639659	0.04841367827461213	0.9166666666666666	0.5747863247863247	0.28205128205128205	0.07692307692307693	0.017094017094017092
bass-modelcomb123456	78.0	437236.0	0.9820971236328161	0.06246502111130818	0.9743589743589743	0.7051282051282052	0.34615384615384615	0.10256410256410256	0.0
