Model	#pos	#neg	AUROC	AP	Rc|FPR1e-1	Rc|FPR1e-2	Rc|FPR1e-3	Rc|FPR1e-4	Rc|FPR1e-5
bass-model1	78.0	437236.0	0.9581145639590049	0.0030101521908933687	0.9615384615384616	0.15384615384615385	0.05128205128205128	0.0	0.0
bass-model2	78.0	437236.0	0.9424568519119289	0.004646812263548732	0.8205128205128205	0.23076923076923078	0.11538461538461539	0.0	0.0
bass-model3	78.0	437236.0	0.9619890777755181	0.005304956017747876	0.9102564102564102	0.34615384615384615	0.038461538461538464	0.0	0.0
bass-model4	78.0	437236.0	0.9806909417691695	0.15303411440999073	0.9615384615384616	0.6282051282051282	0.4230769230769231	0.2692307692307692	0.05128205128205128
bass-model5	78.0	437236.0	0.8493553531261999	0.0006732845975784296	0.41025641025641024	0.01282051282051282	0.0	0.0	0.0
bass-model6	78.0	437236.0	0.96483004484347	0.005482616732909593	0.8974358974358975	0.34615384615384615	0.038461538461538464	0.0	0.0
bass-model-avg	78.0	437236.0	0.9429061388975487	0.02869198936877812	0.826923076923077	0.28632478632478636	0.1111111111111111	0.04487179487179487	0.008547008547008546
bass-modelcomb123456	78.0	437236.0	0.9774910914741578	0.025797502100028097	0.9615384615384616	0.5256410256410257	0.358974358974359	0.0	0.0
