Model	#pos	#neg	AUROC	AP	Rc|FPR1e-1	Rc|FPR1e-2	Rc|FPR1e-3	Rc|FPR1e-4	Rc|FPR1e-5
bass-model1	92.0	437236.0	0.9721471431009102	0.06820503154217318	0.9347826086956522	0.6195652173913043	0.29347826086956524	0.13043478260869565	0.010869565217391304
bass-model2	92.0	437236.0	0.9620410945118884	0.054015277572521656	0.8913043478260869	0.5434782608695652	0.2608695652173913	0.11956521739130435	0.0
bass-model3	92.0	437236.0	0.9754663012552767	0.05248373621513195	0.9565217391304348	0.5760869565217391	0.29347826086956524	0.09782608695652174	0.021739130434782608
bass-model4	92.0	437236.0	0.981244036152797	0.04658072361257414	0.9782608695652174	0.5543478260869565	0.1956521739130435	0.06521739130434782	0.021739130434782608
bass-model5	92.0	437236.0	0.9815133290866299	0.06399794157897662	0.967391304347826	0.5869565217391305	0.3695652173913043	0.09782608695652174	0.0
bass-model6	92.0	437236.0	0.976006403565958	0.08776196038910208	0.9239130434782609	0.6086956521739131	0.34782608695652173	0.10869565217391304	0.043478260869565216
bass-model-avg	92.0	437236.0	0.9747363846122434	0.06217411181841328	0.9420289855072462	0.5815217391304348	0.29347826086956524	0.1032608695652174	0.016304347826086956
bass-modelcomb123456	92.0	437236.0	0.9849898741382129	0.07974789663539444	0.9782608695652174	0.6521739130434783	0.33695652173913043	0.14130434782608695	0.010869565217391304
