Model	#pos	#neg	AUROC	AP	Rc|FPR1e-1	Rc|FPR1e-2	Rc|FPR1e-3	Rc|FPR1e-4	Rc|FPR1e-5
bass-model1	92.0	437236.0	0.941014095661004	0.004335940033942966	0.8043478260869565	0.2717391304347826	0.05434782608695652	0.0	0.0
bass-model2	92.0	437236.0	0.9368243500574955	0.0046349137701340954	0.7391304347826086	0.21739130434782608	0.06521739130434782	0.010869565217391304	0.0
bass-model3	92.0	437236.0	0.9486187093468973	0.0029380002008108906	0.9347826086956522	0.16304347826086957	0.043478260869565216	0.0	0.0
bass-model4	92.0	437236.0	0.9686833137969069	0.047278144256033855	0.9021739130434783	0.41304347826086957	0.17391304347826086	0.09782608695652174	0.03260869565217391
bass-model5	92.0	437236.0	0.8649516259650046	0.0014322002110054156	0.5434782608695652	0.08695652173913043	0.010869565217391304	0.0	0.0
bass-model6	92.0	437236.0	0.9456324104344008	0.007472921838532417	0.8478260869565217	0.29347826086956524	0.06521739130434782	0.03260869565217391	0.0
bass-model-avg	92.0	437236.0	0.9342874175436182	0.01134868671840994	0.7952898550724637	0.24094202898550723	0.06884057971014493	0.023550724637681163	0.005434782608695652
bass-modelcomb123456	92.0	437236.0	0.9630943511950764	0.010735505295879829	0.8913043478260869	0.3695652173913043	0.15217391304347827	0.0	0.0
