Model	#pos	#neg	AUROC	AP	Rc|FPR1e-1	Rc|FPR1e-2	Rc|FPR1e-3	Rc|FPR1e-4	Rc|FPR1e-5
bass-model1	181.0	437236.0	0.9883548482787075	0.2684278663362971	0.9779005524861878	0.7513812154696132	0.569060773480663	0.2265193370165746	0.022099447513812154
bass-model2	181.0	437236.0	0.9836447353437558	0.282780073235993	0.9613259668508287	0.6961325966850829	0.5359116022099447	0.27624309392265195	0.04419889502762431
bass-model3	181.0	437236.0	0.9850639911318358	0.2508854007308771	0.9779005524861878	0.6795580110497238	0.5082872928176796	0.23204419889502761	0.03867403314917127
bass-model4	181.0	437236.0	0.9939410952649869	0.20567152127736718	1.0	0.7955801104972375	0.46408839779005523	0.1712707182320442	0.027624309392265192
bass-model5	181.0	437236.0	0.994242006124965	0.3578098906792984	1.0	0.8453038674033149	0.6077348066298343	0.3259668508287293	0.03867403314917127
bass-model6	181.0	437236.0	0.9914583595422557	0.15010530642070044	0.988950276243094	0.7955801104972375	0.4530386740331492	0.143646408839779	0.0
bass-model-avg	181.0	437236.0	0.9894508392810843	0.25261334311342226	0.9843462246777164	0.7605893186003683	0.5230202578268877	0.22928176795580113	0.0285451197053407
bass-modelcomb123456	181.0	437236.0	0.9947860945065812	0.36186123849446966	0.994475138121547	0.850828729281768	0.6243093922651933	0.3149171270718232	0.04419889502762431
