Model	#pos	#neg	AUROC	AP	Rc|FPR1e-1	Rc|FPR1e-2	Rc|FPR1e-3	Rc|FPR1e-4	Rc|FPR1e-5
bass-model1	92.0	437236.0	0.9295514520662804	0.02612385601040813	0.7717391304347826	0.3695652173913043	0.20652173913043478	0.05434782608695652	0.010869565217391304
bass-model2	92.0	437236.0	0.9345617922188674	0.01383799703156761	0.7608695652173914	0.3804347826086957	0.16304347826086957	0.03260869565217391	0.0
bass-model3	92.0	437236.0	0.960468841421626	0.016729152657961245	0.9130434782608695	0.42391304347826086	0.16304347826086957	0.010869565217391304	0.010869565217391304
bass-model4	92.0	437236.0	0.9702348463092462	0.02544944436132813	0.9456521739130435	0.4673913043478261	0.09782608695652174	0.021739130434782608	0.021739130434782608
bass-model5	92.0	437236.0	0.9578306159005961	0.017203852113799545	0.8695652173913043	0.532608695652174	0.16304347826086957	0.021739130434782608	0.0
bass-model6	92.0	437236.0	0.9578042645957391	0.02483566080038908	0.8586956521739131	0.4782608695652174	0.14130434782608695	0.05434782608695652	0.010869565217391304
bass-model-avg	92.0	437236.0	0.9517419687520592	0.020696660495908955	0.8532608695652174	0.44202898550724634	0.15579710144927536	0.03260869565217391	0.009057971014492754
bass-modelcomb123456	92.0	437236.0	0.9679743891170901	0.022317005458640043	0.9239130434782609	0.5108695652173914	0.21739130434782608	0.03260869565217391	0.0
