Model	#pos	#neg	AUROC	AP	Rc|FPR1e-1	Rc|FPR1e-2	Rc|FPR1e-3	Rc|FPR1e-4	Rc|FPR1e-5
bass-model1	65.0	437236.0	0.9969820909953927	0.20978473200560122	1.0	0.9230769230769231	0.5538461538461539	0.2923076923076923	0.07692307692307693
bass-model2	65.0	437236.0	0.9975902117990144	0.19483414725085213	1.0	0.9230769230769231	0.6307692307692307	0.3384615384615385	0.046153846153846156
bass-model3	65.0	437236.0	0.9968153090357118	0.1413989510787388	1.0	0.9230769230769231	0.5076923076923077	0.23076923076923078	0.03076923076923077
bass-model4	65.0	437236.0	0.9951178979561821	0.12188730842936331	1.0	0.8615384615384616	0.46153846153846156	0.18461538461538463	0.03076923076923077
bass-model5	65.0	437236.0	0.9949728961722485	0.1719326238969651	1.0	0.9384615384615385	0.5538461538461539	0.23076923076923078	0.03076923076923077
bass-model6	65.0	437236.0	0.997829635394932	0.2769369623768878	1.0	0.9384615384615385	0.7692307692307693	0.38461538461538464	0.07692307692307693
bass-model-avg	65.0	437236.0	0.9965513402255802	0.18612912083973474	1.0	0.9179487179487179	0.5794871794871795	0.27692307692307694	0.04871794871794872
bass-modelcomb123456	65.0	437236.0	0.9978249028688608	0.2455369461397281	1.0	0.9538461538461539	0.7384615384615385	0.3076923076923077	0.09230769230769231
