Model	#pos	#neg	AUROC	AP	Rc|FPR1e-1	Rc|FPR1e-2	Rc|FPR1e-3	Rc|FPR1e-4	Rc|FPR1e-5
bass-model1	67.0	437236.0	0.9817967939169571	0.06595516512030503	0.9701492537313433	0.6268656716417911	0.31343283582089554	0.11940298507462686	0.014925373134328358
bass-model2	67.0	437236.0	0.975128770240956	0.07741376082685739	0.9402985074626866	0.6716417910447762	0.40298507462686567	0.1791044776119403	0.0
bass-model3	67.0	437236.0	0.983434199884949	0.1085177442751324	0.9552238805970149	0.6716417910447762	0.417910447761194	0.14925373134328357	0.07462686567164178
bass-model4	67.0	437236.0	0.9771717941047037	0.06788707955439438	0.9402985074626866	0.5970149253731343	0.3283582089552239	0.11940298507462686	0.029850746268656716
bass-model5	67.0	437236.0	0.9874120714616635	0.04637085578640703	0.9850746268656716	0.7313432835820896	0.31343283582089554	0.08955223880597014	0.0
bass-model6	67.0	437236.0	0.986582743729504	0.14497718868712103	0.9552238805970149	0.7611940298507462	0.5223880597014925	0.22388059701492538	0.029850746268656716
bass-model-avg	67.0	437236.0	0.9819210622231221	0.08518696570836955	0.9577114427860697	0.6766169154228856	0.38308457711442784	0.14676616915422885	0.02487562189054726
bass-modelcomb123456	67.0	437236.0	0.9869299041755243	0.11347055370727752	0.9850746268656716	0.7761194029850746	0.4626865671641791	0.1791044776119403	0.014925373134328358
