Model	#pos	#neg	AUROC	AP	Rc|FPR1e-1	Rc|FPR1e-2	Rc|FPR1e-3	Rc|FPR1e-4	Rc|FPR1e-5
bass-model1	181.0	437236.0	0.9854661596207901	0.12287133256214569	0.9613259668508287	0.6685082872928176	0.39226519337016574	0.022099447513812154	0.0
bass-model2	181.0	437236.0	0.9764354979489691	0.1936336347727526	0.9281767955801105	0.6464088397790055	0.49171270718232046	0.17679558011049723	0.0055248618784530384
bass-model3	181.0	437236.0	0.9713885629814492	0.04320178132806563	0.988950276243094	0.40331491712707185	0.18232044198895028	0.06077348066298342	0.0055248618784530384
bass-model4	181.0	437236.0	0.9954617729484903	0.37152583907320036	1.0	0.8121546961325967	0.6132596685082873	0.3867403314917127	0.049723756906077346
bass-model5	181.0	437236.0	0.9630398597841823	0.04826072078054827	0.8895027624309392	0.569060773480663	0.22099447513812154	0.022099447513812154	0.0
bass-model6	181.0	437236.0	0.9883277948583995	0.13694975983175875	0.9834254143646409	0.7458563535911602	0.3756906077348066	0.16574585635359115	0.0
bass-model-avg	181.0	437236.0	0.9800199413570466	0.1527405113914119	0.9585635359116021	0.6408839779005525	0.37937384898710863	0.13904235727440148	0.010128913443830571
bass-modelcomb123456	181.0	437236.0	0.994300586067304	0.24281261540517432	1.0	0.8287292817679558	0.6464088397790055	0.16022099447513813	0.0
