Model	#pos	#neg	AUROC	AP	Rc|FPR1e-1	Rc|FPR1e-2	Rc|FPR1e-3	Rc|FPR1e-4	Rc|FPR1e-5
bass-model1	78.0	437236.0	0.9572702742707042	0.015137047361263306	0.9102564102564102	0.38461538461538464	0.23076923076923078	0.01282051282051282	0.0
bass-model2	78.0	437236.0	0.9559409886252828	0.03549646194066996	0.8717948717948718	0.47435897435897434	0.3076923076923077	0.0641025641025641	0.0
bass-model3	78.0	437236.0	0.9705640983417745	0.046814124544170284	0.8846153846153846	0.6025641025641025	0.3333333333333333	0.07692307692307693	0.01282051282051282
bass-model4	78.0	437236.0	0.9788305224356921	0.07730762961539199	0.9487179487179487	0.6410256410256411	0.2692307692307692	0.14102564102564102	0.038461538461538464
bass-model5	78.0	437236.0	0.9509294956827868	0.02114696054499109	0.8717948717948718	0.6153846153846154	0.2692307692307692	0.01282051282051282	0.0
bass-model6	78.0	437236.0	0.980262346145988	0.018097225761453173	0.9487179487179487	0.6025641025641025	0.16666666666666666	0.01282051282051282	0.0
bass-model-avg	78.0	437236.0	0.9656329542503714	0.035666574961323305	0.905982905982906	0.5534188034188035	0.26282051282051283	0.05341880341880342	0.008547008547008546
bass-modelcomb123456	78.0	437236.0	0.9782344557923423	0.049487006609647825	0.9615384615384616	0.6666666666666666	0.3974358974358974	0.038461538461538464	0.0
